<Configuration status="WARN" monitorInterval="300">
	<properties>
		<property name="LOG_HOME">D:/logs</property>
		<property name="FILE_NAME">mylog</property>
	</properties>
	<Appenders>
		<Console name="Console" target="SYSTEM_OUT">
			<PatternLayout pattern="%d{HH:mm:ss.SSS} [%t] %-5level %logger{36} - %msg%n" />
		</Console>
		<File name="File" fileName="D:/logs/app.log">  
            <PatternLayout pattern="%d{HH:mm:ss.SSS} [%t] %-5level %logger{36} - %msg%n" />  
        </File> 
		<RollingRandomAccessFile name="MyFile"
			fileName="${LOG_HOME}/${FILE_NAME}.log"
			filePattern="${LOG_HOME}/$${date:yyyy-MM}/${FILE_NAME}-%d{yyyy-MM-dd HH-mm}-%i.log">
			<PatternLayout
				pattern="%d{yyyy-MM-dd HH:mm:ss.SSS} [%t] %-5level %logger{36} - %msg%n" />
			<Policies>
				<TimeBasedTriggeringPolicy interval="1" />
				<SizeBasedTriggeringPolicy size="10 MB" />
			</Policies>
			<DefaultRolloverStrategy max="20" />
		</RollingRandomAccessFile>
	</Appenders>

	<Loggers>
		<Logger name="mylog1" level="info" additivity="false">
			<AppenderRef ref="MyFile" />
		</Logger>
		<Logger name="mylog2" level="warn" additivity="false">  
        	<AppenderRef ref="File" />  
    	</Logger>
		<Logger name="mylog3" level="trace" additivity="false">  
        	<AppenderRef ref="Console" />  
    	</Logger>
		<Root level="error">
			<AppenderRef ref="Console" />
		</Root>
	</Loggers>
</Configuration>